1001800,Ms Vyvyan Saleh,vyvyan-sa@acmemeritor.cc.gie
1001801,Mr Maurice Bode,mauri-bode@pizogieincc.cc.gie
1001802,Mr Yale Lafever,ya.lafeve@acme.cc.gie
1001803,Ms Adie Aguillon,adie.ag@egl-inc.cc.gie
1001804,Ms Treasa Whitman,tre.whitm@acmemeritor.cc.gie
1001805,Ms Alita Rude,alrud@diaperstack.com
1001806,Ms Mohini Kopp,mo-kop@acme.cc.gie
1001807,Mr Leland Remillard,lela-remillard@acme.cc.gie
1001808,Ms Oonagh Roa,oon.roa@egl-inc.cc.gie
1001809,Mr Wolter Jameson,wolt.james@egl-inc.cc.gie
1018010,Mr Auburn Bross,aubur.br@acme.cc.gie
1018011,Mr Faxon Magoon,fa.magoon@acmemeritor.cc.gie
1018012,Mr Pembroke Avelar,peav@egl-inc.cc.gie
1018013,Ms Tora Hand,torhand@diaperstack.com
1018014,Mr Cadogan Bray,cadog.bray@acme.cc.gie
1018015,Mr Stockton Banning,stoba@egl-inc.cc.gie
1018016,Mr Ozsvot Covey,ozsvo-cove@acme.cc.gie
1018017,Mr Jackie Stmartin,jackie_stma@egl-inc.cc.gie
1018018,Ms Lotty Drawdy,lo.drawd@diaperstack.com
1018019,Mr Ezekiel Magoon,ezekie_magoon@acme.cc.gie
1018020,Ms Melba Millington,melmi@diaperstack.com
1018021,Ms Micheline Huang,mi_hua@acmemeritor.cc.gie
1018022,Mr Setiawan Gilley,setiawa.gille@acmemeritor.cc.gie
1018023,Mr Lakshya Saleh,lakshsal@acme.cc.gie
1018024,Mr Ultan Gilley,ultgille@diaperstack.com
1018025,Mr Nedim Mccurry,nedim.mccurry@acme.cc.gie
1018026,Mr Zeko Muro,ze.mur@pizogieincc.cc.gie
1018027,Ms Saba Serafin,saba.se@acme.cc.gie
1018028,Mr Canice Carron,cacarron@diaperstack.com
1018029,Mr Jackie Bencomo,jac_benco@egl-inc.cc.gie
1018030,Ms Adie Millington,adi_millin@acmemeritor.cc.gie
1018031,Mr Aricin Carron,ariccarro@diaperstack.com
1018032,Ms Aquene Wooldridge,aque-wooldridg@pizogieincc.cc.gie
1018033,Mr Bhavya Sipple,bha.sipp@pizogieincc.cc.gie
1018034,Mr Radcliffe Chico,ra.chico@pizogieincc.cc.gie
1018035,Mr Salisbury Heaps,sa_heap@diaperstack.com
1018036,Mr Raman Trimble,ram.trimbl@acme.cc.gie
1018037,Mr Ozsvot Hausmann,ozsv-hausman@egl-inc.cc.gie
1018038,Ms Shaili Willems,shaili-wil@pizogieincc.cc.gie
1018039,Ms Aquamarine Trimble,aquamtr@acmemeritor.cc.gie
1018040,Mr Bayard Emert,bay.em@diaperstack.com
1018041,Ms Juhi McDavid,ju.mcd@egl-inc.cc.gie
1018042,Ms Pamela Knighten,pa_knighten@diaperstack.com
1018043,Ms Wilda Tijerina,wild-tijeri@diaperstack.com
1018044,Ms Lailie Hammond,lail-hammon@acmemeritor.cc.gie
1018045,Mr Fyodor Emert,fyo.em@diaperstack.com
1018046,Mr Rudd Fairman,rudfair@egl-inc.cc.gie
1018047,Ms Lotty Blumberg,loblu@diaperstack.com
1018048,Ms Shulamit Erb,shulamit-er@pizogieincc.cc.gie
1018049,Ms Ruthie Marx,rut.ma@acme.cc.gie
1018050,Mr Gerad Halsey,ge.hals@egl-inc.cc.gie
1018051,Ms Arva Crick,ar-cri@acme.cc.gie
1018052,Ms Alankrita Ecklund,alan.ecklu@acme.cc.gie
1018053,Ms Matana Loredo,matanlore@egl-inc.cc.gie
1018054,Mr Heathcote Butterworth,heathc.bu@acme.cc.gie
1018055,Ms Wenona Nolen,wen_nol@diaperstack.com
1018056,Mr Polixenes Gartrell,po.gartr@diaperstack.com
1018057,Ms Danniell Fordham,danniel.fordh@acme.cc.gie
1018058,Mr Chapman Graziano,chap.graz@diaperstack.com
1018059,Mr Rey Herren,rey.herren@egl-inc.cc.gie
1018060,Mr Haresh Havener,hare_haven@acmemeritor.cc.gie
1018061,Mr Prince Havener,pri.ha@acmemeritor.cc.gie
1018062,Ms Mela Cressman,mela.cr@pizogieincc.cc.gie
1018063,Mr Zebedeo Luby,zebed.luby@acmemeritor.cc.gie
1018064,Mr Gerad Etienne,ger-et@acme.cc.gie
1018065,Ms Sorano Graziano,sor-grazi@acmemeritor.cc.gie
1018066,Mr Thurston Hawkinson,thurst.hawkin@diaperstack.com
1018067,Mr Rochester Strouse,rocheste.strous@acmemeritor.cc.gie
1018068,Ms Rhiamon Ryan,rhiamon-rya@egl-inc.cc.gie
1018069,Mr Szalok Elmore,sz.elmo@acmemeritor.cc.gie
1018070,Ms Tami Sunday,tam-sun@acme.cc.gie
1018071,Ms Jerrica Amato,jerricamato@acme.cc.gie
1018072,Ms Sonam Saelee,sonam_sae@egl-inc.cc.gie
1018073,Ms Mirabelle Peck,mira.pe@acmemeritor.cc.gie
1018074,Mr Berwyn Bordner,be-bordn@pizogieincc.cc.gie
1018075,Mr Boaz Dufrene,bodufrene@pizogieincc.cc.gie
1018076,Ms Jirra Gilyard,jirragily@diaperstack.com
1018077,Ms Maata Parke,ma-par@acmemeritor.cc.gie
1018078,Mr Heddwyn Crick,heddwycr@egl-inc.cc.gie
1018079,Mr Dugan Cissell,duga-cis@diaperstack.com
1018080,Mr Mario Hackley,mario_ha@pizogieincc.cc.gie
1018081,Mr Virasana Saelee,vir-sael@acmemeritor.cc.gie
1018082,Ms Amberjill Burkhardt,amb.burkhardt@egl-inc.cc.gie
1018083,Mr Pompey Gilyard,pompey-gil@egl-inc.cc.gie
1018084,Mr Haresh Surber,haresurbe@egl-inc.cc.gie
1018085,Ms Zelpha Blosser,zelp.bl@diaperstack.com
1018086,Mr Gerardo Fultz,gerafultz@acme.cc.gie
1018087,Mr Orvin Ecklund,or-ecklu@egl-inc.cc.gie
1018088,Ms Beta Etienne,betetie@acmemeritor.cc.gie
1018089,Ms Narella Gonyea,narell.gony@pizogieincc.cc.gie
1018090,Ms Ofilia Bibb,ofilia.bi@egl-inc.cc.gie
1018091,Ms Belvia Dufrene,belv_dufr@acme.cc.gie
1018092,Mr Demas Riojas,dem.rioj@acmemeritor.cc.gie
1018093,Mr Zebedeo Gonyea,zeb_gonyea@acme.cc.gie
1018094,Ms Melisanda Gales,me.gale@diaperstack.com
1018095,Mr Aidan Stalcup,aistalcup@diaperstack.com
1018096,Mr Clinton Luby,cli_lu@acme.cc.gie
1018097,Ms Bron Cummins,brocumm@pizogieincc.cc.gie
1018098,Mr Shanahan Halvorsen,sha.halvors@egl-inc.cc.gie
1018099,Ms Hortense Herbst,hortense_her@pizogieincc.cc.gie
